Heterodimer,Tm,Sense,Tm,Antisense,Tm
,0,,0,,0
AGAGGAGAAATATGAG,48.99967395139112,ACTGACCTTCAGAGGAGAAATATGAG,64.20056203953834,GTCTTGCAGTCTCATATTTCTCCTCT,64.60040112772526
GACTGCTCAGAG,46.68069891592876,ACCCTGGACTGCTCAGAG,64.14032213846133,CGGTTCCCTCTGAGCAGTC,65.28685921934817
TTCTTGAGGCCT,47.913516476506004,GGTCCACTTTCTTGAGGCCT,65.22455202146801,TGCACAGAAGGCCTCAAGAA,65.13224110223842
TGCCAGCTCC,47.342954203384465,CTGCGTGCCAGCTCC,64.15741429908775,TGCGAGGAGCTGGCA,64.80448485228163
GTCTGCGCC,44.37482800335806,ACTCACTTTTTGTCTGCGCC,64.49667952950779,CCAGGGGGCGCAGAC,66.3778866353332
CATTCGGATCAATA,45.47405474557411,ACATTGTCTTTAGAGTTCATTCGGATCAATA,64.8992638559231,GCATGAACCGTTATTGATCCGAATG,65.02305242290305
ATGCTTCAAGGC,47.92332228275586,CGTCTTTAGCATGCTTCAAGGC,64.99934767890699,AGACCACAGCCTTGAAGCAT,65.25081840418778
GGTCGCAGG,42.79888802361995,GCTCGGGGTCGCAGG,66.21116258976139,CCCGGCCTGCGACC,66.68677659637814
CATTGCCTGGC,48.26311222278002,ACCAACCATTGCCTGGC,64.27226401186795,TGAATCATATTACTGCCAGGCAATG,64.11257393170536
TCAAAGCGTTATCT,48.193205978467915,GATCGAGCAATCAAAGCGTTATCT,64.01742633547775,TTGCTTTGACAGATAACGCTTTGA,64.11640252184583
TGGGTGACCA,44.023059219521485,TGCTGCTGGGTGACCA,64.91765232026944,CAGCCTCTGGTCACCCA,64.69646885666702
CTGTGGCCTG,44.59826141882479,CCCAGGCTGTGGCCTG,66.44210083839283,GGTGGACCAGGCCACAG,66.00831939667495
TTGAATTTCTCATGG,47.73527170229568,GCTTTCTTATCAAGAGTTTGAATTTCTCATGG,65.12740268686196,GCCTAATTGTTTCCCATGAGAAATTCAA,64.87667147169145
AATAGTCTGGGG,44.014322878885196,GCGATGGGAATAGTCTGGGG,65.36987340921712,GCCCAGAGTCCCCAGACTATT,66.4380734225623
CCAAGGCCG,43.26201134396655,GCACCCCAAGGCCG,64.19945610588167,TCTTGACCCGGCCTTGG,65.36759152460087
GTGAGTGGGGG,48.99456916441312,AGAAACCTGTGAGTGGGGG,64.88634574168225,CGCTGCCCCCACTCAC,66.57335998721476
