Heterodimer,Tm,Sense,Tm,Antisense,Tm
TGTCTACCAAGC,45.772368428701895,GCGTCCTTCTGTCTACCAAGC,65.82751095875665,CCCTGGGCTTGGTAGACA,64.55314281066029
TCTGCCATGTG,45.15944055339219,GCAGTATAAGATGATCTGCCATGTG,64.04825712663984,CGACTCGAACACATGGCAGA,65.46255973440725
TAACAGCCGAAA,45.61149180930727,TGGCTCTGTTAACAGCCGAAA,65.37008566128196,GCGGAATGTTTCGGCTGTTA,64.31319106208394
CCTTTCATCTTCCT,48.10361488745838,CTCCTCTTCCCTTTCATCTTCCT,64.23820561660904,TCAGAGGAGAAGGAAGATGAAAGG,64.24566998185679
GATTATGCGCG,44.81157515750567,TCCCCAGGATTATGCGCG,65.51789339697757,GTGACTCACCGCGCATAATC,64.31041145725726
CATGCCGTCA,44.08848236682559,TGCCTCCATGCCGTCA,64.971803667789,TCTGAAATTAAAAAGAATAGTGACGGCATG,64.6538918669379
CACTGACCTCC,44.7277939568645,GCCAACATGACACTGACCTCC,66.20777877967748,TGATCCCGGAGGTCAGTG,64.15361116083079
GTGCTCGAAGG,46.77198448243695,CGCCGTGCTCGAAGG,64.0001965950928,CCAACGCCTTCGAGCAC,64.54043888665814
GGAACCCAGAGA,48.119865914748175,GCCTCCGGAACCCAGAGA,66.88112889586466,TGATGCAGTCTCTGGGTTCC,64.93149640207321
ATCAGGACAAAGG,47.19030183145753,GGATTAGGGATGAATCAGGACAAAGG,65.44024774822987,CTTCCTACTCCCTTTGTCCTGAT,64.20919305276362
CATTTTCAGAAAAATG,46.01340421412124,TTTTTCTAGTTTGGACCATTTTCAGAAAAATG,64.09944256336723,GGGCTGTAGTAATATCACATTTTTCTGAAAATG,65.0703472430124
TATCATCGCCAC,46.22859295864424,CTGTTACTGCATTATCATCGCCAC,64.49907186608061,ACTGGCGTGGCGATGATA,64.77845684889547
ATCAGCGGTGA,47.26685060254954,TGGCTAATGATCAGCGGTGA,64.69162113466069,TCTGGTGTCACCGCTGAT,64.37449160816857
TACCTTCGGTG,43.490536821601324,CCAGATGCAGTTACCTTCGGTG,65.93902781854837,CAGACGGCACCGAAGGTA,64.87771644973225
AGCCATAATAATATGT,46.250831301613744,GCATTAGTAGGTAGAGATTAGCCATAATAATATGT,64.35762803425723,CCATTCCTCTACACATACATATTATTATGGCT,64.6898988130165
